orbit,scenario,arc_d,t_end_day,blackout_d,sig0_pos_km,tc_cr3bp_ideal_N1,tc_cr3bp_ut_claim_N1,tc_cr3bp_lin_claim_N1,tc_cr3bp_ut_actual_N1,tc_ephem_ideal_N1,tc_ephem_ut_claim_N1,tc_ephem_lin_claim_N1,tc_ephem_ut_actual_N1,tc_cr3bp_ideal_N10,tc_cr3bp_ut_claim_N10,tc_cr3bp_lin_claim_N10,tc_cr3bp_ut_actual_N10,tc_ephem_ideal_N10,tc_ephem_ut_claim_N10,tc_ephem_lin_claim_N10,tc_ephem_ut_actual_N10,tc_cr3bp_ideal_N100,tc_cr3bp_ut_claim_N100,tc_cr3bp_lin_claim_N100,tc_cr3bp_ut_actual_N100,tc_ephem_ideal_N100,tc_ephem_ut_claim_N100,tc_ephem_lin_claim_N100,tc_ephem_ut_actual_N100,contain_lin_cr3bp_7d,contain_ut_cr3bp_7d,contain_lin_ephem_7d,contain_ut_ephem_7d,contain_lin_cr3bp_14d,contain_ut_cr3bp_14d,contain_lin_ephem_14d,contain_ut_ephem_14d
NRHO 9:2,blackout,1.0,30.743055555555557,11.48611111111111,3182.653916462368,1.6426564918370117,1.5473379225140642,1.5288473027970428,1.6236830985404975,1.5452751632434159,1.485551731264791,1.4673575700578345,1.532586730097635,2.1136971608540422,2.0659576583412624,1.9674595051453636,2.108506768404342,2.0321724043221634,2.0242222492963653,1.9476028038763815,2.0270859616890045,9.29097792951772,9.467033728545278,8.485870039419346,9.289810331464416,15.675611099422149,15.880027296259007,21.20766060472647,15.744946953218397,0.20913287258492338,0.9933333333333333,0.7555455234042301,0.9933333333333333,0.2338831510358491,0.9933333333333333,0.82,0.9966666666666667
NRHO 9:2,blackout,7.0,59.770833333333336,13.083333333333334,0.9314000065209045,inf,inf,inf,inf,inf,inf,inf,inf,inf,inf,inf,inf,inf,inf,inf,inf,inf,inf,inf,inf,inf,inf,inf,inf,0.9924514154071883,0.9924514154071883,0.99,0.99,0.99,0.99,0.99,0.99
NRHO 9:2,blackout,1.0,119.79861111111111,12.090277777777779,1501.1723068749038,2.265614353601956,2.3773077546431245,2.371722282242113,2.2657641907202613,2.320600352713343,2.4250097720045787,2.418453695132888,2.315585677603942,3.7675079460910106,3.8787395195195837,3.8708929226852598,3.7736286267458747,3.7556959692712972,3.8691499410071306,3.8614719361367302,3.7459035440280335,5.433343066857913,12.549988433609611,4.6877532629935965,5.424518906670371,5.443869972004868,12.504514297292777,4.697410891993133,5.440972379876166,0.4163529733431937,0.9666666666666667,0.418804388750382,0.9678923743702608,0.5622336979283017,0.9666666666666667,0.46145470483396256,0.9666666666666667
NRHO 9:2,blackout,1.0,149.80555555555554,10.458333333333334,68.51939975061295,20.044077397518556,20.13274711980328,20.131192850931914,20.054674557954336,7.397278988623739,7.427769095101958,7.414306623032535,7.400901014980438,inf,inf,inf,inf,26.696255225457325,26.68624761902689,26.62031307208168,26.675348452929548,inf,inf,inf,inf,inf,inf,inf,inf,0.9733333333333334,0.9733333333333334,0.9775485845928117,0.9775485845928117,0.9690292122410377,0.9703235959196541,0.5654981770251578,0.967637454425629
NRHO 9:2,blackout,1.0,178.8125,10.54861111111111,33.948960915291224,inf,inf,inf,inf,16.832865460746955,16.857481511862055,16.868005267362847,16.835448832230608,inf,inf,inf,inf,inf,inf,inf,inf,inf,inf,inf,inf,inf,inf,inf,inf,0.9826457537784351,0.9863228768892176,0.9945590410369275,0.9966666666666667,0.9833333333333333,0.9930097374136791,0.9956958789077044,0.9960194748273585
NRHO 9:2,blackout,1.0,208.93055555555554,9.4375,98.64406172680093,20.293564478383388,20.355326890543193,20.353729801368093,20.248502521802884,20.326536429732375,20.362923121241387,20.36111511606009,20.2823231143878,inf,inf,27.25701836563381,inf,inf,inf,inf,inf,inf,inf,inf,inf,inf,inf,inf,inf,0.990881917926145,0.9921076256297392,0.99,0.9912257077035941,0.9866666666666667,0.9866666666666667,0.9860194748273585,0.9860194748273585
NRHO 9:2,blackout,1.0,237.94444444444446,10.4375,72.20806502698161,17.5423710340577,17.511513989808005,17.51301170598144,17.547287060921416,18.025855585546772,17.97615093360516,4.849928806215588,18.03268899832016,inf,inf,inf,inf,25.964875265178062,inf,18.542855845493445,25.95325037789225,inf,inf,inf,inf,inf,inf,inf,inf,0.9712705946686387,0.9942152512594784,0.9975485845928117,1.0,0.9936569292529874,0.9966666666666667,0.9590292122410377,0.9933333333333333
NRHO 9:2,blackout,1.0,267.625,9.76388888888889,29.852098144762998,inf,inf,inf,inf,28.286378845975435,22.38868673614228,22.400368168772886,28.318684643999198,inf,inf,inf,inf,inf,inf,inf,inf,inf,inf,inf,inf,inf,inf,inf,inf,0.9966666666666667,0.9966666666666667,0.9966666666666667,0.9966666666666667,0.9882531727556603,0.994401495229088,1.0,1.0
NRHO 9:2,blackout,1.0,296.625,10.784722222222221,83.88418551021797,5.302901675364224,17.556966716472605,17.553451154826405,5.290870293148887,5.083220729401447,17.76001069342144,17.745538380451723,5.074589562923972,18.388924441105974,inf,inf,18.376558045268155,inf,18.48298891296978,18.276463245338718,18.565957810758967,inf,inf,inf,inf,inf,inf,inf,inf,0.88201785169965,0.9812257077035941,0.898520276449046,0.9866666666666667,0.9863430707470126,0.9869902625863208,0.9933333333333333,0.9966666666666667
NRHO 9:2,blackout,7.0,326.25694444444446,10.95138888888889,0.9546839658376368,inf,inf,inf,inf,inf,inf,inf,inf,inf,inf,inf,inf,inf,inf,inf,inf,inf,inf,inf,inf,inf,inf,inf,inf,1.0,1.0,1.0,1.0,1.0,1.0,0.9966666666666667,0.9966666666666667
NRHO 9:2,phase,7.0,22.0,nan,0.7095022072731351,inf,inf,inf,inf,inf,inf,inf,inf,inf,inf,inf,inf,inf,inf,inf,inf,inf,inf,inf,inf,inf,inf,inf,inf,0.9854409589630725,0.9854409589630725,0.9778923743702608,0.9778923743702608,0.9926861414940251,0.9926861414940251,0.9803235959196541,0.9803235959196541
NRHO 9:2,phase,7.0,90.78472222222223,nan,1.538308317663528,inf,inf,inf,inf,inf,inf,inf,inf,inf,inf,inf,inf,inf,inf,inf,inf,inf,inf,inf,inf,inf,inf,inf,inf,0.9866666666666667,0.9866666666666667,0.9933333333333333,0.9933333333333333,0.9836569292529874,0.9836569292529874,0.9863430707470126,0.9863430707470126
NRHO 9:2,phase,7.0,178.8125,nan,1.405707890013988,inf,inf,inf,inf,inf,inf,inf,inf,inf,inf,inf,inf,inf,inf,inf,inf,inf,inf,inf,inf,inf,inf,inf,inf,0.9945590410369275,0.9945590410369275,0.9954409589630725,0.9954409589630725,0.9933333333333333,0.9933333333333333,0.99,0.99
NRHO 9:2,phase,7.0,261.8541666666667,nan,0.4610204043263995,inf,inf,inf,inf,inf,inf,inf,inf,inf,inf,inf,inf,inf,inf,inf,inf,inf,inf,inf,inf,inf,inf,inf,inf,0.9812257077035941,0.9812257077035941,0.979118082073855,0.979118082073855,0.99,0.99,0.9860194748273585,0.9860194748273585
NRHO 9:2,phase,7.0,352.0,nan,0.646360829682783,inf,inf,inf,inf,inf,inf,inf,inf,inf,inf,inf,inf,inf,inf,inf,inf,inf,inf,inf,inf,inf,inf,inf,inf,0.9833333333333333,0.9833333333333333,0.9945590410369275,0.9945590410369275,0.9833333333333333,0.9863430707470126,0.99,0.99
L1 halo (Az~30k km),blackout,7.0,31.75,11.847222222222221,2.121835870529605,14.808843297847822,14.820910177028107,14.878235777838663,14.810127786806799,15.025692008128878,15.211749100715476,15.336087812224106,15.019825347241857,15.94455334321269,15.924299355134892,15.919417654577593,15.937064776920629,16.024883018428906,16.060770951306505,16.09034636647743,16.033254661099456,16.85884460180152,16.87712459036243,17.035985837233223,16.88887639974819,17.01990475835723,17.25094295688591,17.074477552655168,17.021954344411856,0.9878923743702608,0.9942152512594784,0.9866666666666667,0.9866666666666667,0.08184420138113215,0.99,0.07,0.9866666666666667
L1 halo (Az~30k km),blackout,7.0,60.770833333333336,10.465277777777779,1.5854467830142767,13.016308571551487,12.806720646508541,12.805952062880035,12.985437158193221,12.945683649962556,12.995771442373108,12.995038592252873,12.940882842766328,14.62425427680416,14.32532001293146,14.3471165144046,14.579169991663456,14.414080073968613,14.425257288238454,14.43841592127907,14.385281597114886,16.291673887804638,16.029945152889276,16.046761515989115,16.397826988961736,16.0523020457088,15.956488611019688,16.011430950819467,16.082965833116027,0.9661285385179706,0.9933333333333333,0.9578923743702608,0.9778923743702608,0.12805842448207544,0.9933333333333333,0.09472509114874211,0.9633333333333334
L1 halo (Az~30k km),blackout,7.0,88.78472222222223,11.083333333333334,0.5146022218241343,14.236353901682195,14.047435042291253,14.038479843301312,14.226124411335245,14.777809011426273,14.600738561776584,14.603454118603201,14.675956809091238,18.434580472398444,18.429218494017398,18.64936156945194,18.436668143800716,22.29962740022161,22.08611361926895,22.291072241483366,22.421369054236642,19.368012820478537,19.345246820497746,19.62308605893897,19.387119622669317,inf,inf,inf,inf,0.99,0.99,0.9921076256297392,0.9933333333333333,0.10278351563081756,0.9933333333333333,0.3355670312616351,0.9866666666666667
L1 halo (Az~30k km),blackout,7.0,120.79861111111111,9.458333333333334,2.7582863660346133,12.317483008693229,12.239897628482137,12.240584166204933,12.32240038428576,11.942771086146653,11.853501992092205,11.853851834570118,11.950008939245526,13.714745914451056,13.616542456405611,13.633253933967108,13.716231125359496,13.272445170014953,13.177574722957221,13.189570082890876,13.27757800077329,15.502274628301688,15.444427358180493,15.253766697194372,15.569115768105293,14.616273081665112,14.543665368354112,14.78097924733296,14.730462991094225,0.9083856155539122,0.99,0.9050522822205789,0.99,0.06902921224103772,0.99,0.06870561632138364,0.9220448568726405
L1 halo (Az~30k km),blackout,7.0,149.19444444444446,9.45138888888889,0.7899034384801107,13.384063117699297,13.23614236817598,13.232255857098817,13.373300320485413,12.63526694302277,12.52266213082058,12.519620388267283,12.645529973402175,17.60615464529109,17.64395628991173,18.13751510195123,17.67494016920304,16.474635999127383,16.659529353941696,18.107844312983158,16.553976419565824,18.889342368573207,18.828234389099737,19.174700175978554,18.904734752858822,18.358823322839736,18.126843771494453,18.939390598021426,18.3685499576952,0.9966666666666667,0.9966666666666667,0.9966666666666667,0.9966666666666667,0.09579325304449679,0.99,0.3579610503452831,0.99
L1 halo (Az~30k km),blackout,1.0,208.60416666666666,8.76388888888889,24.140303132064947,8.825585388398519,8.783321924751561,8.783653195325932,8.873678817974985,8.273015571451163,8.226997058504974,8.22679810213,8.289424003316297,10.197733404123065,10.182670223054494,10.188332185727852,10.256039259402707,9.578149638835667,9.548654129782985,9.552641726642142,9.631468393282802,11.795495259909922,11.716243187329072,11.81290562879161,11.957694492929665,11.132048710669723,11.064837813952769,11.15775680692264,11.086150691940725,0.912899769625795,0.9794618718513041,0.8074139236976778,0.9778923743702608,0.025372282988050297,0.9936569292529874,0.12559850477091197,0.9966666666666667
L1 halo (Az~30k km),blackout,1.0,238.94444444444446,9.527777777777779,114.68897340812678,5.116760812956412,5.086233208760153,5.088254184019725,5.151020778849969,4.762065415331674,4.659236630872702,4.660859881653604,4.771820862107799,6.821892621112317,6.755145946219244,6.774163272504232,6.78925782252422,6.309855849784838,6.229050697399072,6.24721234353085,6.34864683565391,9.128600986285642,9.395947559087373,8.879493836673108,9.205697532455563,9.04258521817988,8.818631606461611,8.263616300431437,8.96353844502143,0.1624514154071883,0.9833333333333333,0.1310313693323473,0.99,0.006666666666666667,0.6509707877589623,0.00032359591965409293,0.5812284830511009
L1 halo (Az~30k km),blackout,1.0,267.2361111111111,9.98611111111111,48.166937756116894,9.246357079771382,9.199023109342443,9.197754315579433,9.242788815111515,8.171973625531887,8.228618384762616,8.225955789091897,8.177191849671944,10.33743182147234,10.272941727590023,10.271449450913599,10.320314987699057,9.378584694385687,9.415954382083306,9.413717775932705,9.378553621741665,11.379937433996199,11.456163670156847,11.636548153669231,11.39945613110088,10.7417630482341,10.804076384869457,10.80174201138865,10.73238348201424,0.7722570770359415,0.9812257077035941,0.8498505485937977,0.9754409589630726,0.12362545574371055,0.9863430707470126,0.12731385850597488,0.9833333333333333
L1 halo (Az~30k km),blackout,1.0,297.625,11.194444444444445,377.0208802104881,3.9179225566740397,3.8329042550030734,3.8304689330062818,3.92003266797706,3.6501676929028615,3.6030254494144907,3.60119797147964,3.635841966284512,5.274464778787927,5.175907630706816,5.185130395633356,5.273815020946401,5.027939123668308,4.9343252373322795,4.943519958765489,5.004277268625037,6.734288626257873,7.36936584261302,6.776014214322477,6.726336266037419,6.689656914727558,6.459894374222214,6.558647347264149,6.663896580147106,0.12559041036927476,0.9244095896307252,0.12862484089020362,0.9531838819271311,0.0,0.3529753102954406,0.0036569292529874263,0.41789514971776753
L1 halo (Az~30k km),blackout,7.0,326.25694444444446,10.284722222222221,1.3896093653584034,13.014397195580402,12.876843233616116,12.875450026974425,12.985391638311704,13.363594374359772,13.222509917383148,13.220195374242184,13.324254666335218,14.597584896957317,14.455874799249182,14.477295950450385,14.615152082837309,14.97965393024842,14.863904251851173,14.884775543259018,14.982532332498037,16.41640950125071,16.173841347643517,16.21452834131125,16.525545897656553,16.951071924298944,16.84446967981528,16.626541790761785,16.960044226709975,0.9794618718513041,0.9954409589630725,0.979118082073855,0.9924514154071883,0.13365692925298742,0.9933333333333333,0.13935280816069182,0.99
L1 halo (Az~30k km),phase,7.0,22.0,nan,1.127729782134859,14.314625892934629,14.232299283011043,14.229952312406247,14.299529995598487,14.454259581708833,14.38728407166529,14.383839525508032,14.458353866321337,15.64514937907767,15.510833675069522,15.5207312839455,15.621373584722807,15.859650021029786,15.742680201495391,15.751615191096414,15.859461294556517,17.136088789710996,16.801912720278818,17.075075039140085,17.25150904693366,17.596391866106675,17.914774100772224,17.313471112764063,17.56487934083782,0.9821076256297392,0.980881917926145,0.9857847487405216,0.9912257077035941,0.12074456597610059,0.9930097374136791,0.126440444883805,0.99
L1 halo (Az~30k km),phase,7.0,88.78472222222223,nan,0.5146022218241343,14.236353901682195,14.047435042291253,14.038479843301312,14.226124411335245,14.777809011426273,14.600738561776584,14.603454118603201,14.675956809091238,18.434580472398444,18.429218494017398,18.64936156945194,18.436668143800716,22.29962740022161,22.08611361926895,22.291072241483366,22.421369054236642,19.368012820478537,19.345246820497746,19.62308605893897,19.387119622669317,inf,inf,inf,inf,0.99,0.99,0.9921076256297392,0.9933333333333333,0.10278351563081756,0.9933333333333333,0.3355670312616351,0.9866666666666667
L1 halo (Az~30k km),phase,7.0,171.90972222222223,nan,0.4298529436181013,14.169506943814092,14.230138148231665,14.229033442989442,14.199175070497413,13.681999116680817,13.709734618144726,13.707654151862602,13.696512133956183,17.07786602265805,18.223155796477837,19.202117853129256,17.088081293378096,15.507617984138143,16.03885915679479,27.24044205727362,15.535518118232622,19.791839764704687,19.849495760123734,20.34564281959923,19.780248922046226,27.45705226791594,28.063552539240778,inf,27.38738009599256,0.9933333333333333,0.9933333333333333,0.99,0.9912257077035941,0.17954755643427664,0.9733333333333334,0.3901947482735848,0.98
L1 halo (Az~30k km),phase,7.0,238.94444444444446,nan,1.563379656112781,13.922228990099859,13.931182032865264,13.928437417269171,13.943367939019156,13.50739246454921,13.661704597027732,13.65783569830022,13.510587742165175,15.168131886635777,15.153353877257965,15.15893429596882,15.18465519285781,14.787202349279118,14.945806164960398,14.954228548157289,14.786326174725174,16.587325658388867,17.107269640538995,16.6600752025422,16.560249931304295,16.203443941529894,16.371002690894763,16.501899833377013,16.18879969440076,0.9836771231107824,0.989118082073855,0.9757847487405217,0.9815694974810433,0.09203894965471697,0.9833333333333333,0.11161797959827047,0.98
L1 halo (Az~30k km),phase,7.0,352.0,nan,0.4763597895146996,14.403469419827152,14.13002739092064,14.13249500315576,14.374241598857992,15.026852668864034,14.820189959915707,14.820029413546974,15.060158322955568,16.668352262245484,16.22406311510096,16.18837062379878,16.709634627212917,17.520140801810683,17.284220065337117,17.28465762989541,17.551694210220504,20.15884096201271,19.636086566885755,20.640318007497196,20.06234047444942,19.84926215480199,19.449001063024273,19.449809138094835,19.846773397580733,1.0,1.0,0.9942152512594784,0.9921076256297392,0.19909511286855325,0.9966666666666667,0.8424313998108484,0.9963430707470126
L2 Lyapunov (mid),blackout,1.0,28.743055555555557,14.48611111111111,30.19979210888296,11.336544336387258,11.374436713132141,11.376234510912601,11.30406680985249,11.514454422924773,11.697176700115042,11.700062823144092,11.508805813153437,13.023551568393199,12.988150155820078,13.004742610683378,13.008444335747077,13.161462738132908,13.287773425706165,13.310716225774016,13.195863654919327,15.040611882133062,14.7147966132301,14.818745017519756,15.090773302322056,15.030886810105688,15.357325245538068,15.044307347297227,14.801376776993685,0.9812257077035941,0.9812257077035941,0.9866666666666667,0.9866666666666667,0.9565692925298743,0.9782846462649372,0.6465407726295591,0.9563430707470125
L2 Lyapunov (mid),blackout,1.0,58.99305555555556,13.86111111111111,28.836678768951035,11.561121656559358,11.422853971870449,11.424610277370375,11.5529842327954,11.85414688885029,11.727889483714565,11.730174894493492,11.85206530146487,13.065978567285372,13.024759140167896,13.042190506280525,13.052906630872402,13.31810438131972,13.271775586516359,13.291989540755681,13.308248209050321,14.540499547292725,14.749986957225424,14.844643034437068,14.525203473551425,15.008886344879333,15.113793551695034,15.004960807499364,14.950837616961799,0.9966666666666667,0.9966666666666667,0.99,0.99,0.9389318381042453,0.9582846462649371,0.9109393142496854,0.9847250911487422
L2 Lyapunov (mid),blackout,1.0,89.23611111111111,13.006944444444445,34.67931221541731,10.998056442447389,11.029152181819208,11.030055857623731,10.992800600270758,10.62528682567538,10.773414195613954,10.84376076286163,10.625055688958314,12.427888795962671,12.5887675021104,12.609222880092092,12.413800726642819,10.890160728697293,11.177635830149873,11.240967467597018,10.885751720471369,13.882930113202585,14.1975541539492,14.344182846509279,13.858145160056878,17.171551999494795,23.410160527623802,19.45383348509699,17.115060578714257,0.9866666666666667,0.9866666666666667,0.9766666666666667,0.9766666666666667,0.8937857768990568,0.9098052517264151,0.5625228667297172,0.9562142231009433
L2 Lyapunov (mid),blackout,7.0,119.79861111111111,11.82638888888889,5.940974239132682,13.477641882336638,13.626526762071554,13.630193064665741,13.466966787195522,13.197149643665462,13.361738298110016,13.364843817521574,13.189216687128708,15.24009106810623,15.455723967561914,15.48416498130516,15.249709132008775,14.980154828550063,15.21011935255739,15.237636878685576,14.980877503784543,18.481457594105137,19.083817362286307,18.36118745749189,18.60314597556564,18.24948542604667,19.245739582914055,17.958198749441692,18.405862038714453,0.9866666666666667,0.9866666666666667,0.9866666666666667,0.9866666666666667,0.9863430707470126,0.9866666666666667,0.9106157183300313,0.9693528081606918
L2 Lyapunov (mid),blackout,7.0,149.80555555555554,12.097222222222221,8.441514506798532,13.436643191465413,13.392888010652632,13.39687340600423,13.440633022241249,13.099165181470909,13.039884151199836,13.043576550453038,13.108192987843262,15.21029616556591,15.16469512017001,15.197273878911352,15.21571365984727,14.91796519275326,14.845398715142933,14.877523817977112,14.927853709892702,18.370746267849764,18.187921144726495,17.190583170030138,18.475533308223014,18.198573923916474,18.04218254405746,16.961707607532126,18.31863437276235,0.9966666666666667,0.9966666666666667,0.9966666666666667,0.9966666666666667,0.9933333333333333,0.9933333333333333,0.9736254557437105,0.9960194748273585
L2 Lyapunov (mid),blackout,7.0,179.59722222222223,12.67361111111111,3.8761519680331356,13.832838070532324,14.136508045537624,14.140614177262897,13.849952086370454,11.53070743095058,11.724581442134484,11.724576010583599,11.544664196465535,15.637630430222247,15.91889579011185,15.95244084429775,15.618807366131454,12.608134405649627,12.756832001077074,12.756839885336834,12.61850635854644,18.616277804651276,19.061516095321704,18.00787605421313,18.66097948062798,inf,inf,inf,inf,0.9766666666666667,0.9766666666666667,0.9754409589630726,0.9754409589630726,0.9793528081606918,0.9793528081606918,0.9733333333333334,0.9733333333333334
L2 Lyapunov (mid),blackout,1.0,237.94444444444446,9.4375,853.1574732424921,2.4558216505036845,2.348083954219672,2.3489239421237533,2.4541375094161464,2.2766128018344802,2.1723965880654004,2.173114904398477,2.2700719028755807,3.829624022147315,3.6946928928054286,3.7038844384747063,3.8210237332885097,3.541897146362577,3.419188254148755,3.4270305253518174,3.5402934272117133,7.1010006213208925,6.210249792631125,5.56469438699257,7.279672457419519,6.293606834545249,5.380443752600507,5.046615527587177,6.441811301494657,0.9647533794081743,0.99,0.5903437897774491,0.99,0.5908763672311317,0.9495790299435535,0.054401495229088014,0.7659221006905661
L2 Lyapunov (mid),blackout,1.0,263.86805555555554,13.354166666666666,36.195870391902076,8.346161916767105,8.501035599243576,8.503541200971991,8.354622232961038,7.974375512170941,8.100783705787874,8.10329448349012,7.9831933114311635,12.52474904873204,13.297400241118686,13.42462582615403,12.513387281208304,11.674941509872756,12.0884283767446,11.703672006772022,11.667627615346989,17.269545707610714,15.99402866020494,17.035056378684327,16.982994122305637,16.8638998940656,16.32166819334971,16.342253565159815,16.73582505479589,0.9833333333333333,0.9833333333333333,0.9866666666666667,0.9866666666666667,0.9007445659761005,0.932362545574371,0.7220104297544019,0.9766666666666667
L2 Lyapunov (mid),blackout,1.0,294.24305555555554,12.965277777777779,63.05122876019521,7.569641880194907,7.614015235520793,7.616826070469213,7.575520966409345,7.184828802315404,7.313532240532946,7.316279657686084,7.185338645806489,9.617477482668901,9.624370458687961,9.605736989868294,9.633974649579082,9.192533698034579,9.311025787885548,9.298542174221495,9.197211308500243,16.16684993963917,14.939270638848582,15.898159889401569,15.358015203033487,16.714762419723137,14.780983177289855,16.1493210242941,15.876350390037775,0.9887742922964059,0.9866666666666667,0.9866666666666667,0.9866666666666667,0.8215865060889935,0.8675086067795597,0.10605094833663536,0.9460853754548739
L2 Lyapunov (mid),blackout,7.0,324.6388888888889,11.902777777777779,18.931544551740245,9.892093980169049,9.685685759559833,9.683537723309984,9.894238344961563,9.941738805573536,9.753540843310022,9.748416635304594,10.005601015535735,15.884920302779078,15.669834995827607,15.991000296714098,16.077436364100603,16.34653900189229,16.216579962421797,16.605476148829833,16.395872006572525,18.158280893934627,18.341105500734713,18.025989292710104,18.01459771520351,18.739342430837894,18.80934887374198,18.506106745234227,18.729671840389106,0.9924514154071883,0.9924514154071883,0.9878923743702608,0.9878923743702608,0.9963430707470126,0.9969902625863208,0.43796105034528304,0.9869902625863208
L2 Lyapunov (mid),phase,7.0,20.71527777777778,nan,8.923022116806123,14.17314597884924,14.721642432677399,14.733499352613702,14.211648263703095,15.063244386339383,15.18930616771512,15.213070603355586,15.050629322241294,17.279850801679164,17.430275402648768,17.417678512508658,17.298057067244002,17.77083872635161,17.892992760379467,17.75633892593213,17.784420777383392,18.433570594205694,19.573417439221135,19.03386182898214,18.390985704307692,18.66218826813821,19.44524964202903,19.34631313381233,18.602868164534705,0.99,0.99,0.9854409589630725,0.9854409589630725,0.9930097374136791,0.9966666666666667,0.46058129121179264,0.9833333333333333
L2 Lyapunov (mid),phase,7.0,89.23611111111111,nan,5.8223152493424335,13.647407982123507,13.699394552460419,13.703088240507782,13.647489625743326,11.453950517002454,11.460071135667967,11.465174165373202,11.453195387578232,15.49093948731948,15.519066000083875,15.549008504760819,15.49039183183655,inf,inf,inf,inf,19.62361816526861,19.028273113500124,18.081104317540525,19.52920304786594,inf,inf,inf,inf,0.99,0.99,0.99,0.99,0.9893528081606918,0.9896764040803459,0.9348539387948115,0.9746277170119497
L2 Lyapunov (mid),phase,7.0,171.90972222222223,nan,6.962772827584716,15.254626328000937,15.132508101905627,15.150125435530715,15.186285221833822,15.554958160240837,15.649416057419936,15.750032174218841,15.557903065281975,18.109515054241786,18.104544055056337,18.067931365507295,18.082260397957604,16.119757620265446,16.26199351967833,16.246639787650672,16.129348135696585,19.24014829659748,20.216737542609714,19.711584138200596,19.19747235365192,17.35657525060237,17.51020741415786,17.474950298066553,17.360516291358007,0.9966666666666667,0.9966666666666667,0.9933333333333333,0.9933333333333333,0.9873138585059749,0.99,0.8481902257371066,0.9763430707470125
L2 Lyapunov (mid),phase,7.0,237.94444444444446,nan,5.094482390036831,15.067182805383558,14.961808106070762,14.966753517947733,15.04779061794434,14.804907218859451,14.669590285314545,14.67342647063388,14.838996909223702,16.64743574527137,16.54011543224723,16.583749386965913,16.61358251011072,16.530403766894096,16.35607203425469,16.39210658859597,16.4745866975172,18.79273822990746,19.225118058559815,18.394016277026314,18.46874200487826,18.543733586267184,18.892157213876146,18.307459692378792,18.2974175306258,0.9966666666666667,0.9966666666666667,1.0,1.0,1.0,1.0,0.9597737782171384,0.9926861414940251
L2 Lyapunov (mid),phase,7.0,352.0,nan,3.2625483851178148,16.548976965309368,15.526588154933714,15.479221479238264,16.67299416581612,16.261362382568823,15.123023256243641,15.100649476422634,16.27449693533992,20.136412845869312,19.93597542235209,19.891594821466562,20.14450477333663,20.269244898249713,19.753690172496878,19.707521163583547,20.27912431925514,21.503081926192483,22.06667915354414,21.645149720052107,21.38511509133184,24.287021089954628,23.970524309235284,24.016113803715854,24.269100603067624,0.9933333333333333,0.9933333333333333,0.9866666666666667,0.9866666666666667,0.9893528081606918,0.9890292122410377,0.8478666298174524,0.9963430707470126
DRO (~70k km),blackout,1.0,32.270833333333336,11.305555555555555,39.86288309281515,14.56820370671755,14.595865981521694,14.595714034508125,14.57241393933576,14.661768865417608,14.54598227261586,14.5458405745011,14.665256357904655,inf,inf,inf,inf,inf,inf,inf,inf,inf,inf,inf,inf,inf,inf,inf,inf,0.9933333333333333,0.9933333333333333,0.9966666666666667,0.9954409589630725,0.99,0.99,0.99,0.99
DRO (~70k km),blackout,1.0,60.75,11.840277777777779,31.819310076402118,inf,inf,inf,inf,inf,inf,inf,inf,inf,inf,inf,inf,inf,inf,inf,inf,inf,inf,inf,inf,inf,inf,inf,inf,0.9933333333333333,0.9933333333333333,0.9933333333333333,0.9933333333333333,0.9966666666666667,0.9966666666666667,0.9903235959196541,0.9903235959196541
DRO (~70k km),blackout,1.0,89.78472222222223,11.458333333333334,301.45946962232665,2.8283045101161024,2.561716089366812,2.561524401769449,2.815411464896217,2.9750410345592364,2.763753778297798,2.763460576666756,2.9562950038091396,7.809387176319027,7.600343622522863,7.599942334789688,7.8227381158590745,7.976725941669581,7.870234200360706,7.870371553638151,7.99338654123825,9.92515358294404,9.965038722822108,9.998392275362752,9.934118480754346,10.188317761902278,10.144921141906709,10.167268244312758,10.201950596239453,0.9866666666666667,0.9854409589630725,0.9842152512594784,0.9842152512594784,0.9202921224103773,0.97,0.9039175781540878,0.9696764040803458
DRO (~70k km),blackout,7.0,118.79861111111111,11.458333333333334,1.392872160899531,inf,inf,inf,inf,inf,inf,inf,inf,inf,inf,inf,inf,inf,inf,inf,inf,inf,inf,inf,inf,inf,inf,inf,inf,0.9887742922964059,0.9887742922964059,0.9887742922964059,0.9887742922964059,0.99,0.99,0.9866666666666667,0.9866666666666667
DRO (~70k km),blackout,7.0,147.80555555555554,10.458333333333334,1.0469528504200691,inf,inf,inf,inf,inf,inf,inf,inf,inf,inf,inf,inf,inf,inf,inf,inf,inf,inf,inf,inf,inf,inf,inf,inf,0.9866666666666667,0.9866666666666667,0.9833333333333333,0.9833333333333333,0.99,0.99,0.9863430707470126,0.9863430707470126
DRO (~70k km),blackout,7.0,210.20833333333334,10.159722222222221,2.621495042683862,inf,inf,inf,inf,inf,inf,inf,inf,inf,inf,inf,inf,inf,inf,inf,inf,inf,inf,inf,inf,inf,inf,inf,inf,0.9866666666666667,0.9866666666666667,0.99,0.99,0.99,0.99,0.9926861414940251,0.9926861414940251
DRO (~70k km),blackout,1.0,266.96527777777777,11.256944444444445,478.48935749461265,5.859934550602088,5.014315839695221,5.017269436151142,5.6670786899405545,4.785584738134784,4.315936495984745,4.316388207967394,4.720710115111513,9.13065487342723,8.979887165234064,8.995578523360154,9.099234457608585,8.836579492734822,8.673742059350904,8.688198265242796,8.837062004092434,11.135720002977301,10.990135691582635,11.008348035153196,11.073809180448043,11.023780581641141,10.781218184737975,10.804797649494752,11.052941385418304,0.99,0.99,0.9845590410369275,0.9878923743702608,0.9713917578154089,0.9836569292529874,0.8864089713745281,0.9896764040803459
DRO (~70k km),blackout,1.0,295.625,11.930555555555555,51.74611598352592,10.25323854638879,10.00487236066748,10.00482011633119,10.251989482107174,10.210339048207821,9.969775548103891,9.969743530838603,10.198692680702486,inf,inf,inf,inf,inf,inf,inf,inf,inf,inf,inf,inf,inf,inf,inf,inf,0.9933333333333333,0.9933333333333333,0.9933333333333333,0.9933333333333333,0.992362545574371,0.992362545574371,0.9990292122410377,0.9990292122410377
DRO (~70k km),blackout,1.0,324.6388888888889,10.569444444444445,73.1124529475218,8.086412614741151,8.000531845476656,8.000612675273421,8.127931185176386,7.964648249861392,7.98807614664798,7.988140192592438,8.009363429930884,inf,inf,inf,inf,inf,inf,inf,inf,inf,inf,inf,inf,inf,inf,inf,inf,0.9912257077035941,0.9912257077035941,0.9966666666666667,0.9966666666666667,0.9866666666666667,0.9866666666666667,0.98,0.98
DRO (~70k km),blackout,7.0,353.6458333333333,11.17361111111111,2.2204390715111164,inf,inf,inf,inf,inf,inf,inf,inf,inf,inf,inf,inf,inf,inf,inf,inf,inf,inf,inf,inf,inf,inf,inf,inf,0.9866666666666667,0.9866666666666667,0.9878923743702608,0.9878923743702608,0.9926861414940251,0.9926861414940251,0.99,0.99
DRO (~70k km),phase,7.0,22.0,nan,1.118162513013545,inf,inf,inf,inf,inf,inf,inf,inf,inf,inf,inf,inf,inf,inf,inf,inf,inf,inf,inf,inf,inf,inf,inf,inf,0.9933333333333333,0.9933333333333333,0.9945590410369275,0.9945590410369275,0.9933333333333333,0.9933333333333333,0.9933333333333333,0.9933333333333333
DRO (~70k km),phase,7.0,89.78472222222223,nan,2.0647028958313065,inf,inf,inf,inf,inf,inf,inf,inf,inf,inf,inf,inf,inf,inf,inf,inf,inf,inf,inf,inf,inf,inf,inf,inf,0.99,0.99,0.99,0.99,0.9936569292529874,0.9936569292529874,0.9933333333333333,0.9933333333333333
DRO (~70k km),phase,7.0,180.59722222222223,nan,1.9915734006335521,inf,inf,inf,inf,inf,inf,inf,inf,inf,inf,inf,inf,inf,inf,inf,inf,inf,inf,inf,inf,inf,inf,inf,inf,0.9854409589630725,0.9854409589630725,0.9878923743702608,0.9878923743702608,0.98,0.98,0.9843041210922956,0.9843041210922956
DRO (~70k km),phase,7.0,262.0,nan,1.109647547628141,inf,inf,inf,inf,inf,inf,inf,inf,inf,inf,inf,inf,inf,inf,inf,inf,inf,inf,inf,inf,inf,inf,inf,inf,0.9866666666666667,0.9866666666666667,0.9912257077035941,0.9912257077035941,0.9966666666666667,0.9966666666666667,0.9926861414940251,0.9926861414940251
DRO (~70k km),phase,7.0,352.0,nan,0.6416674523644371,inf,inf,inf,inf,inf,inf,inf,inf,inf,inf,inf,inf,inf,inf,inf,inf,inf,inf,inf,inf,inf,inf,inf,inf,0.9878923743702608,0.9878923743702608,0.98,0.98,0.9930097374136791,0.9930097374136791,0.9896764040803459,0.9896764040803459
