orbit,mode,filter,start_day,n_meas,gap_before_first_meas_d,diverged,final_pos_err_rms_km,final_vel_err_rms_ms,final_sig_pos_max_km,crlb_sig_pos_max_km,anees_2nd_half,frac_anees_in_95,frac_runs_consistent
NRHO 9:2,track,EKF,202.0,439,0.0069444444961747785,0,1.0953429685171663,0.005746961575958473,1.1425352058748746,1.1265895603532072,4.509554319304647,0.42718446601941745,1.0
NRHO 9:2,track,UKF,202.0,439,0.0069444444961747785,0,1.0800126255141298,0.005670311468607694,1.1497563329684237,1.1265895603532072,4.397278607234556,0.3446601941747573,1.0
NRHO 9:2,reacquire,EKF,202.0,439,0.0069444444961747785,0,1.0952584022170444,0.005746181553648062,1.1425353554416438,1.1265895603532072,4.507986918803889,0.4223300970873786,1.0
NRHO 9:2,reacquire,UKF,202.0,439,0.0069444444961747785,0,1.0799374527823729,0.005669607123845745,1.1497341781345276,1.1265895603532072,4.3965704561537775,0.3446601941747573,1.0
L1 halo (Az~30k km),track,EKF,68.0,261,3.2430555555038256,0,2.332923129379249,0.013852749471176038,1.7399513263287054,1.7355648296233845,9.11966148338247,0.0,0.95
L1 halo (Az~30k km),track,UKF,68.0,261,3.2430555555038256,0,2.098921081510579,0.012906080211406856,1.818159171800187,1.7355648296233845,7.662506140165945,0.484375,0.95
L1 halo (Az~30k km),reacquire,EKF,68.0,261,3.2430555555038256,0,129.86466177150754,0.6237673524772681,1.7346002310313597,1.7355648296233845,21431.249476298948,0.0,0.2
L1 halo (Az~30k km),reacquire,UKF,68.0,261,3.2430555555038256,0,56.26457758980801,0.26515202677439464,1.8448505392997956,1.7355648296233845,3328.9584073738765,0.0,0.6
L2 Lyapunov (mid),track,EKF,76.0,745,1.6041666665114411,0,15.245705054181878,0.0816247308904602,17.614613717644204,17.600759633466495,6.353616183583349,0.9889705882352942,1.0
L2 Lyapunov (mid),track,UKF,76.0,745,1.6041666665114411,0,15.151966272339495,0.08112432856264588,17.62379666347418,17.600759633466495,6.306353114015197,0.9889705882352942,1.0
L2 Lyapunov (mid),reacquire,EKF,76.0,745,1.6041666665114411,0,16.573900348333858,0.0887700859838768,17.611696092649943,17.600759633466495,7.276947394587141,0.5992647058823529,1.0
L2 Lyapunov (mid),reacquire,UKF,76.0,745,1.6041666665114411,0,14.612719281497608,0.07826297858494195,17.64967281927805,17.600759633466495,6.191908791260898,0.9816176470588235,1.0
DRO (~70k km),track,EKF,54.0,474,1.47222222201526,0,6.884427974572955,0.03187232385604691,6.9543636992656594,6.948755682615329,6.229994378559304,1.0,1.0
DRO (~70k km),track,UKF,54.0,474,1.47222222201526,0,6.926164050733508,0.03205069702731636,6.9604295128499505,6.948755682615329,6.254147188217824,1.0,1.0
DRO (~70k km),reacquire,EKF,54.0,474,1.47222222201526,0,6.397466785524394,0.029598146584843006,6.949424953639234,6.948755682615329,6.287760161345591,1.0,1.0
DRO (~70k km),reacquire,UKF,54.0,474,1.47222222201526,0,6.546443702410662,0.03024709126152734,6.96889630682916,6.948755682615329,6.223704602424614,1.0,1.0
