orbit,filter,gap_before_first_meas_d,runs,diverged,sec_per_run,runs_consistent,median_pos_err_km,max_pos_err_km,median_sig_pos_km,crlb_km,anees_2nd_half,mean_components,max_components
NRHO 9:2,EKF,1.8541666665114536,100,0,0.22463062763214112,0.75,1.1938067206645289,7.109136324999989,1.1146995563777873,1.1074923196297186,16.335055603110806,1.0,1
NRHO 9:2,UKF,1.8541666665114536,100,0,0.2868677830696106,0.98,0.8914212190097988,4.024654898270853,1.1194293284443748,1.1074923196297186,6.399688478298776,1.0,1
NRHO 9:2,GM-UKF,1.8541666665114536,100,0,0.5812606167793274,0.99,0.8850542534252295,2.9854707622946317,1.1184402259384498,1.1074923196297186,5.913884090272144,1.6185196374622353,27
NRHO 9:2,PF→UKF,1.8541666665114536,100,0,0.9737470602989197,0.93,1.0072774787646037,16.14327129371876,1.1422609938638533,1.1074923196297186,31.28123374720991,431.00767371601216,3000
L1 halo (Az~30k km),EKF,2.9999999999999956,100,0,0.04420764923095703,0.37,68.03446153935685,1792.705300918623,35.87139251919575,35.83952591558858,3435.494452520418,1.0,1
L1 halo (Az~30k km),UKF,2.9999999999999956,100,0,0.0590129828453064,0.77,30.993106993308402,251.4926290463625,35.96995839970778,35.83952591558858,64.02687227180095,1.0,1
L1 halo (Az~30k km),GM-UKF,2.9999999999999956,100,0,0.11000539779663086,1.0,24.253275571178982,95.40775791349748,35.96591577672818,35.83952591558858,5.902300392775224,2.968,27
L1 halo (Az~30k km),PF→UKF,2.9999999999999956,100,0,0.1910844612121582,0.88,27.581795112479938,1546.8726873287208,36.411661602977475,35.83952591558858,1253.944285729236,539.2649629629627,3000
L2 Lyapunov (mid),EKF,3.2430555555038176,100,0,0.13276930570602416,0.6,23.70061804311375,234.49621094497104,12.927213152876433,12.944450422630531,58.92089408294248,1.0,1
L2 Lyapunov (mid),UKF,3.2430555555038176,100,0,0.18792011022567748,0.99,9.906042545939327,30.572029136331775,13.135473527043557,12.944450422630531,6.313511980611425,1.0,1
L2 Lyapunov (mid),GM-UKF,3.2430555555038176,100,0,0.2655575466156006,0.99,9.088669143665426,31.003169508102733,13.056137327683551,12.944450422630531,6.013838045624721,1.4232574031890661,27
L2 Lyapunov (mid),PF→UKF,3.2430555555038176,100,0,0.3389304232597351,0.95,9.86640676189945,577.7565741861006,13.071902943427745,12.944450422630531,135.38466759919885,196.31072892938496,3000
DRO (~70k km),EKF,2.3194444444961784,100,0,0.027005066871643068,0.85,24.266668817685456,114.87715383673937,17.96271469773567,18.045766070180633,15.830835701907418,1.0,1
DRO (~70k km),UKF,2.3194444444961784,100,0,0.0340169882774353,0.94,22.571648606034778,83.46856826686447,18.1609510337969,18.045766070180633,10.40342715314041,1.0,1
DRO (~70k km),GM-UKF,2.3194444444961784,100,0,0.039905791282653806,0.94,22.57164860531205,83.46856826533475,18.160951033896303,18.045766070180633,10.383972645042467,1.0331645569620251,3
DRO (~70k km),PF→UKF,2.3194444444961784,100,0,0.21558522701263427,0.91,20.278504725521202,206.86783304578466,19.282675059567694,18.045766070180633,79.52412881770199,1590.47,3000
