orbit,scenario,arc_d,t_end_day,tc_n300_N1,tc_strip_n300_N1,tc_n300_N10,tc_strip_n300_N10,tc_n300_N100,tc_strip_n300_N100,tc_n2000_N1,tc_n2000_N10,tc_n2000_N100,tc_old_N1,tc_strip_old_N1,tc_old_N10,tc_strip_old_N10,tc_old_N100,tc_strip_old_N100,tc_uni_N1,tc_strip_uni_N1,tc_uni_N10,tc_strip_uni_N10,tc_uni_N100,tc_strip_uni_N100,tc_csv_N1,tc_csv_N10,tc_csv_N100
NRHO 9:2,phase,1.0,30.743055555555557,1.6426564918370117,1.5364564851426534,2.1136971608540422,2.051300918136553,9.29097792951772,9.22665087540085,1.547354748849867,2.024107710992776,9.267948753138812,1.63390030859234,1.471586294352493,2.1605605054063544,1.8983290976465421,9.354749323967603,8.837095682377681,1.6437041565754777,1.54,2.1091623460876443,2.140719655447056,9.30400853643997,8.629994206255297,1.6426564918370117,2.1136971608540422,9.29097792951772
NRHO 9:2,phase,1.0,119.79861111111111,2.265614353601956,2.0814014359839192,3.7675079460910106,4.413627767083607,5.433343066857913,5.031759249020632,2.385426329156079,3.898753174782984,5.546929377505716,2.2639606095809155,1.9686543547627917,3.72227678386174,4.256134796491829,5.34630007344534,4.796270942943609,2.265712503597431,2.1299765256922436,3.768990257933072,4.44,5.436967179300671,4.94,2.265614353601956,3.7675079460910106,5.433343066857913
NRHO 9:2,phase,1.0,296.625,5.302901675364224,5.198105561918043,18.388924441105974,inf,inf,inf,17.61306632690558,18.54212112921208,inf,17.186052099201383,15.672745945321637,18.224455602253094,16.062661166909653,inf,inf,5.182543146601208,5.16,18.242187414294722,18.30117586595215,inf,inf,5.302901675364224,18.388924441105974,inf
L1 halo (Az~30k km),phase,1.0,336.88194444444446,2.6182256181764925,2.4419850444139932,4.126845694055936,5.342444692079486,6.076274619129516,5.672313374985807,2.6910197613044318,4.180825526804916,6.099318644710902,2.6178048610227322,2.3351490043951575,4.117708592244722,5.015608719410638,5.988654948921205,5.332211767745342,2.6183647290694614,2.469979757002069,4.127937309491347,5.44,6.121824228943709,5.72,2.6182256181764925,4.126845694055936,6.076274619129516
L1 halo (Az~30k km),blackout,1.0,76.88888888888889,9.295930823179637,9.08487323303261,10.918360181875485,12.12011879517405,12.841120815351609,12.659910772291589,9.407406001468686,11.019270348937013,12.928385278856574,9.296868733460949,8.38323803541768,10.918602561985894,11.318334971323676,12.89741266285361,11.68524830296937,9.295959066820423,9.080000000000002,10.914922640605548,12.32,12.817656991026336,12.560000000000002,9.295930823179637,10.918360181875485,12.841120815351609
L1 halo (Az~30k km),phase,1.0,142.0,8.01750805453146,7.714903173502556,12.672525535093678,11.725322935479598,13.747905032643676,13.423711189466552,8.05163949173917,11.780498920952814,13.727632074873755,8.01568610885071,7.26741039391472,11.562268169796125,11.57071887110715,13.751599301106985,13.320901163445328,8.016360504518525,7.78,12.695283418128854,11.839999999999998,13.7214927534212,13.68,8.01750805453146,12.672525535093678,13.747905032643676
L1 halo (Az~30k km),phase,3.0,232.0,12.426020442213773,12.097902673959888,14.148740433714634,14.705544099832817,17.05809911518848,16.677213112563408,12.284258437191756,13.988561065634112,16.834393498343555,12.401901791621551,11.347094643045821,14.269667861132476,13.453468967721287,16.983933626330725,15.928981818508152,12.428464374154398,12.279999999999998,14.145888446807442,15.02,17.03953315320101,16.639999999999997,12.426020442213773,14.148740433714634,17.05809911518848
L1 halo (Az~30k km),phase,7.0,82.0,14.722001609307931,14.340114590636926,16.054858550137933,16.89324182223978,17.630396207506255,17.040829992807684,14.607156132449052,15.919287867387535,17.567560200927247,14.812975045333427,13.349300370621053,16.159823457889303,15.670708818101376,18.020285880708116,15.819776132690677,14.717901006309791,14.600000000000003,16.054983921197703,17.300000000000004,17.566372362304485,17.38,14.722001609307931,16.054858550137933,17.630396207506255
L1 halo (Az~30k km),blackout,7.0,317.93055555555554,15.258794321621053,14.681534722272824,18.65205965929433,18.613461448222996,19.63922021759697,19.488389445224747,15.176924993108527,18.6841887031594,19.690061753895353,15.428614081720667,13.753487537546306,18.70447221355717,18.437581207909076,19.94146748724165,18.456852068971315,15.235627883607226,14.66,18.661799217972266,18.76,19.559840050208546,19.52,15.258794321621053,18.65205965929433,19.63922021759697
L2 Lyapunov (mid),phase,1.0,237.94444444444446,2.4558216505036845,2.290805092286134,3.829624022147315,6.471494922955563,7.1010006213208925,6.471494922955563,2.317300511481054,3.6536272677280754,6.232909384934073,2.453307987640976,2.2480214774972502,3.8015373427631824,6.379105302639563,7.0898307024475775,6.379105302639563,2.455988208392833,2.32,3.8303055331705735,6.52,7.100979670832712,6.52,2.4558216505036845,3.829624022147315,7.1010006213208925
L2 Lyapunov (mid),phase,1.0,119.79861111111111,10.667222583489206,10.451197739136902,12.20016750017056,13.281489698569573,14.193330911710545,13.281489698569573,10.731354607104041,12.240935561582912,13.807753530433414,10.583518297685464,9.714836785443227,12.152654256130832,13.281489698569585,14.19474957633422,13.281489698569585,10.68495094062971,10.5,12.200499758938848,13.459999999999997,13.592918770477633,13.459999999999997,10.667222583489206,12.20016750017056,14.193330911710545
L2 Lyapunov (mid),blackout,1.0,287.1041666666667,12.134364554788922,11.741391244262035,13.811111492169584,15.335404109923639,16.494050134535556,15.335404109923639,11.905963958348298,13.503878376413136,16.175685786926728,12.11294654847299,11.346386347340728,13.835416886251107,13.946950440065834,15.89902501551996,13.946950440065834,12.134435377329375,11.94,13.813513464847176,15.209996712688666,16.500624749347445,15.209996712688666,12.134364554788922,13.811111492169584,16.494050134535556
L2 Lyapunov (mid),blackout,7.0,165.52777777777777,13.558802523394894,13.318989264862227,15.415297320281615,18.576325176744785,19.275184875471954,18.576325176744785,13.648504674376314,15.505803998518044,19.796181218179644,13.560096063596497,13.294857043190655,15.419658120684646,18.53589737673231,19.159507084254702,18.53589737673231,13.56015397115666,13.34,15.415557102352846,18.66,19.279697666106692,18.66,13.558802523394894,15.415297320281615,19.275184875471954
L2 Lyapunov (mid),phase,7.0,294.24305555555554,10.412454326159592,10.122519796193824,16.393731996155896,17.769155678647643,18.1844791273263,17.769155678647643,10.40426838130761,16.213594867448503,18.206222066220633,10.840559041207516,9.985980807354835,16.212891214723246,15.917892219322088,18.355321228948853,15.917892219322088,10.40367101805731,10.009995004993758,16.42688456857605,18.24999726027377,18.377222871610453,18.24999726027377,10.412454326159592,16.393731996155896,18.1844791273263
L2 Lyapunov (mid),phase,7.0,352.0,16.548976965309368,15.582385334578005,20.136412845869312,20.546861289615563,21.503081926192483,20.546861289615563,15.540246284331893,19.717954510676016,21.42699427575488,16.225975591456148,15.760152930487891,19.472998873343624,18.587458271828023,21.366956495358508,18.587458271828023,16.587169253643687,15.729996821360137,20.13667147245364,21.304998240400316,21.4778295973799,21.304998240400316,16.548976965309368,20.136412845869312,21.503081926192483
DRO (~70k km),phase,1.0,89.78472222222223,2.8283045101161024,2.481313936729698,7.809387176319027,9.726169800897067,9.92515358294404,9.726169800897067,2.4223034778200434,7.342793534093831,9.79807451851488,2.8319983596812794,2.399442866524279,7.658975580831624,9.587315155141827,9.99533826771579,9.587315155141827,2.8280453967878585,2.58,7.8130944383422944,9.72,9.924474266465223,9.72,2.8283045101161024,7.809387176319027,9.92515358294404
DRO (~70k km),phase,1.0,266.96527777777777,5.859934550602088,4.626915837002013,9.13065487342723,10.619517373768934,11.135720002977301,10.619517373768934,5.392458682884332,9.055928328308951,11.052379645189019,5.865792030818318,4.446762523126039,9.087466910396744,9.954734266673269,11.155624508185623,9.954734266673269,5.85733311377053,4.7,9.130904837908085,10.78,11.115799606773004,10.78,5.859934550602088,9.13065487342723,11.135720002977301
