orbit,moon_excl_deg,telescope,network,frac_visible,n_gaps,median_gap_d,p90_gap_d,max_gap_d,all_blocked_day,all_blocked_low_elev,all_blocked_occulted,all_blocked_eclipsed,all_blocked_moon_excl,all_blocked_faint
NRHO 9:2,2.0,0.36m,India-1,0.0,0,nan,nan,nan,0.630144023135024,0.7070261220296418,0.0,0.0010844542531534788,0.05100740092463994,0.9995814387093092
NRHO 9:2,2.0,0.36m,Tri-3,0.0,0,nan,nan,nan,0.03439812788949982,0.1479614162592036,0.0,0.0010844542531534788,0.05018930385647153,0.9993150815243241
NRHO 9:2,2.0,0.36m,Tri-3+S,0.0,0,nan,nan,nan,0.023173075093700653,0.09392895873366185,0.0,0.0010844542531534788,0.05015125283004509,0.9992580049846844
NRHO 9:2,2.0,1m,India-1,0.09883754114267232,198,0.84375,0.986111111111111,15.638888888888888,0.630144023135024,0.7070261220296418,0.0,0.0010844542531534788,0.05100740092463994,0.42514411826259013
NRHO 9:2,2.0,1m,Tri-3,0.31325507505564965,540,0.1736111111111111,0.3340277777777779,12.944444444444443,0.03439812788949982,0.1479614162592036,0.0,0.0010844542531534788,0.05018930385647153,0.36173208272293145
NRHO 9:2,2.0,1m,Tri-3+S,0.37501189094575826,512,0.1423611111111111,0.3395833333333335,12.819444444444443,0.023173075093700653,0.09392895873366185,0.0,0.0010844542531534788,0.05015125283004509,0.35027872376857366
NRHO 9:2,2.0,2m,India-1,0.10161526607180228,218,0.8645833333333333,0.986111111111111,13.729166666666666,0.630144023135024,0.7070261220296418,0.0,0.0010844542531534788,0.05100740092463994,0.2267841175015696
NRHO 9:2,2.0,2m,Tri-3,0.3241757196400373,624,0.19791666666666663,0.35416666666666663,10.590277777777777,0.03439812788949982,0.1479614162592036,0.0,0.0010844542531534788,0.05018930385647153,0.19476417876372215
NRHO 9:2,2.0,2m,Tri-3+S,0.39139285782233973,632,0.1597222222222222,0.375,8.5,0.023173075093700653,0.09392895873366185,0.0,0.0010844542531534788,0.05015125283004509,0.1890565247997565
NRHO 9:2,5.0,0.36m,India-1,0.0,0,nan,nan,nan,0.630144023135024,0.7070261220296418,0.0,0.0010844542531534788,0.19807461806282226,0.9995814387093092
NRHO 9:2,5.0,0.36m,Tri-3,0.0,0,nan,nan,nan,0.03439812788949982,0.1479614162592036,0.0,0.0010844542531534788,0.19444074503909742,0.9993150815243241
NRHO 9:2,5.0,0.36m,Tri-3+S,0.0,0,nan,nan,nan,0.023173075093700653,0.09392895873366185,0.0,0.0010844542531534788,0.19398413272198017,0.9992580049846844
NRHO 9:2,5.0,1m,India-1,0.08228534464717185,158,0.875,1.9930555555555554,15.694444444444443,0.630144023135024,0.7070261220296418,0.0,0.0010844542531534788,0.19807461806282226,0.42514411826259013
NRHO 9:2,5.0,1m,Tri-3,0.26251403131599477,450,0.18055555555555555,0.5770833333333334,14.680555555555555,0.03439812788949982,0.1479614162592036,0.0,0.0010844542531534788,0.19444074503909742,0.36173208272293145
NRHO 9:2,5.0,1m,Tri-3+S,0.31401609558417837,423,0.15277777777777776,1.2708333333333333,13.17361111111111,0.023173075093700653,0.09392895873366185,0.0,0.0010844542531534788,0.19398413272198017,0.35027872376857366
NRHO 9:2,5.0,2m,India-1,0.08430204904777307,175,0.8958333333333333,2.9666666666666663,15.694444444444443,0.630144023135024,0.7070261220296418,0.0,0.0010844542531534788,0.19807461806282226,0.2267841175015696
NRHO 9:2,5.0,2m,Tri-3,0.2710184357223036,521,0.20138888888888887,0.625,11.979166666666666,0.03439812788949982,0.1479614162592036,0.0,0.0010844542531534788,0.19444074503909742,0.19476417876372215
NRHO 9:2,5.0,2m,Tri-3+S,0.3276383630448431,528,0.1736111111111111,0.9652777777777777,8.5,0.023173075093700653,0.09392895873366185,0.0,0.0010844542531534788,0.19398413272198017,0.1890565247997565
NRHO 9:2,10.0,0.36m,India-1,0.0,0,nan,nan,nan,0.630144023135024,0.7070261220296418,0.0,0.0010844542531534788,0.9681512908810715,0.9995814387093092
NRHO 9:2,10.0,0.36m,Tri-3,0.0,0,nan,nan,nan,0.03439812788949982,0.1479614162592036,0.0,0.0010844542531534788,0.905709556515287,0.9993150815243241
NRHO 9:2,10.0,0.36m,Tri-3+S,0.0,0,nan,nan,nan,0.023173075093700653,0.09392895873366185,0.0,0.0010844542531534788,0.888072905766633,0.9992580049846844
NRHO 9:2,10.0,1m,India-1,0.010540134320123285,24,10.04513888888889,23.99444444444444,32.951388888888886,0.630144023135024,0.7070261220296418,0.0,0.0010844542531534788,0.9681512908810715,0.42514411826259013
NRHO 9:2,10.0,1m,Tri-3,0.03323757158349346,70,0.3020833333333333,12.98611111111111,19.645833333333332,0.03439812788949982,0.1479614162592036,0.0,0.0010844542531534788,0.905709556515287,0.36173208272293145
NRHO 9:2,10.0,1m,Tri-3+S,0.04547097657959324,77,0.22916666666666666,12.681944444444445,19.465277777777775,0.023173075093700653,0.09392895873366185,0.0,0.0010844542531534788,0.888072905766633,0.35027872376857366
NRHO 9:2,10.0,2m,India-1,0.01063526188618938,24,10.034722222222221,23.99444444444444,32.9375,0.630144023135024,0.7070261220296418,0.0,0.0010844542531534788,0.9681512908810715,0.2267841175015696
NRHO 9:2,10.0,2m,Tri-3,0.03346587774205209,73,5.604166666666666,12.863888888888889,19.645833333333332,0.03439812788949982,0.1479614162592036,0.0,0.0010844542531534788,0.905709556515287,0.19476417876372215
NRHO 9:2,10.0,2m,Tri-3+S,0.045984665436350144,83,0.2708333333333333,11.318055555555539,19.465277777777775,0.023173075093700653,0.09392895873366185,0.0,0.0010844542531534788,0.888072905766633,0.1890565247997565
L1 halo (Az~30k km),2.0,0.36m,India-1,0.0,0,nan,nan,nan,0.630144023135024,0.659595517589087,0.0,0.0011986073324327924,0.0,0.8796255778999639
L1 halo (Az~30k km),2.0,0.36m,Tri-3,0.0,0,nan,nan,nan,0.03439812788949982,0.07796655314777116,0.0,0.0011986073324327924,0.0,0.7649778352771066
L1 halo (Az~30k km),2.0,0.36m,Tri-3+S,0.0,0,nan,nan,nan,0.023173075093700653,0.05017027834325831,0.0,0.0011986073324327924,0.0,0.7649397842506802
L1 halo (Az~30k km),2.0,1m,India-1,0.1224291775270638,229,0.8333333333333333,0.9666666666666667,12.638888888888888,0.630144023135024,0.659595517589087,0.0,0.0011986073324327924,0.0,0.34527501379349707
L1 halo (Az~30k km),2.0,1m,Tri-3,0.37097848214455587,608,0.16666666666666666,0.30069444444444493,11.215277777777777,0.03439812788949982,0.07796655314777116,0.0,0.0011986073324327924,0.0,0.30359011434333444
L1 halo (Az~30k km),2.0,1m,Tri-3+S,0.42716082266319133,578,0.13194444444444445,0.2986111111111111,11.215277777777777,0.023173075093700653,0.05017027834325831,0.0,0.0011986073324327924,0.0,0.2966458020205095
L1 halo (Az~30k km),2.0,2m,India-1,0.1236468103727098,242,0.8402777777777777,0.9722222222222222,11.638888888888888,0.630144023135024,0.659595517589087,0.0,0.0011986073324327924,0.0,0.19946348052738722
L1 halo (Az~30k km),2.0,2m,Tri-3,0.37617244725176463,658,0.18055555555555555,0.3194444444444444,9.590277777777777,0.03439812788949982,0.07796655314777116,0.0,0.0011986073324327924,0.0,0.17052567493008125
L1 halo (Az~30k km),2.0,2m,Tri-3+S,0.4342383135785088,646,0.14583333333333331,0.3368055555555555,9.569444444444445,0.023173075093700653,0.05017027834325831,0.0,0.0011986073324327924,0.0,0.167462567302753
L1 halo (Az~30k km),5.0,0.36m,India-1,0.0,0,nan,nan,nan,0.630144023135024,0.659595517589087,0.0,0.0011986073324327924,0.252107075588364,0.8796255778999639
L1 halo (Az~30k km),5.0,0.36m,Tri-3,0.0,0,nan,nan,nan,0.03439812788949982,0.07796655314777116,0.0,0.0011986073324327924,0.23677251193850954,0.7649778352771066
L1 halo (Az~30k km),5.0,0.36m,Tri-3+S,0.0,0,nan,nan,nan,0.023173075093700653,0.05017027834325831,0.0,0.0011986073324327924,0.2365251802667377,0.7649397842506802
L1 halo (Az~30k km),5.0,1m,India-1,0.09465192823576415,182,0.84375,3.860416666666666,15.590277777777777,0.630144023135024,0.659595517589087,0.0,0.0011986073324327924,0.252107075588364,0.34527501379349707
L1 halo (Az~30k km),5.0,1m,Tri-3,0.28439337151119654,473,0.16666666666666666,0.3263888888888889,14.944444444444443,0.03439812788949982,0.07796655314777116,0.0,0.0011986073324327924,0.23677251193850954,0.30359011434333444
L1 halo (Az~30k km),5.0,1m,Tri-3+S,0.3257928882631609,458,0.1388888888888889,0.34027777777777773,11.847222222222221,0.023173075093700653,0.05017027834325831,0.0,0.0011986073324327924,0.2365251802667377,0.2966458020205095
L1 halo (Az~30k km),5.0,2m,India-1,0.09558417838321188,192,0.8506944444444444,3.860416666666666,15.590277777777777,0.630144023135024,0.659595517589087,0.0,0.0011986073324327924,0.252107075588364,0.19946348052738722
L1 halo (Az~30k km),5.0,2m,Tri-3,0.28842678031239893,513,0.18055555555555555,0.34027777777777773,11.1875,0.03439812788949982,0.07796655314777116,0.0,0.0011986073324327924,0.23677251193850954,0.17052567493008125
L1 halo (Az~30k km),5.0,2m,Tri-3+S,0.33085367477787714,510,0.14930555555555552,0.35486111111111124,10.208333333333332,0.023173075093700653,0.05017027834325831,0.0,0.0011986073324327924,0.2365251802667377,0.167462567302753
L1 halo (Az~30k km),10.0,0.36m,India-1,0.0,0,nan,nan,nan,0.630144023135024,0.659595517589087,0.0,0.0011986073324327924,1.0,0.8796255778999639
L1 halo (Az~30k km),10.0,0.36m,Tri-3,0.0,0,nan,nan,nan,0.03439812788949982,0.07796655314777116,0.0,0.0011986073324327924,1.0,0.7649778352771066
L1 halo (Az~30k km),10.0,0.36m,Tri-3+S,0.0,0,nan,nan,nan,0.023173075093700653,0.05017027834325831,0.0,0.0011986073324327924,1.0,0.7649397842506802
L1 halo (Az~30k km),10.0,1m,India-1,0.0,0,nan,nan,nan,0.630144023135024,0.659595517589087,0.0,0.0011986073324327924,1.0,0.34527501379349707
L1 halo (Az~30k km),10.0,1m,Tri-3,0.0,0,nan,nan,nan,0.03439812788949982,0.07796655314777116,0.0,0.0011986073324327924,1.0,0.30359011434333444
L1 halo (Az~30k km),10.0,1m,Tri-3+S,0.0,0,nan,nan,nan,0.023173075093700653,0.05017027834325831,0.0,0.0011986073324327924,1.0,0.2966458020205095
L1 halo (Az~30k km),10.0,2m,India-1,0.0,0,nan,nan,nan,0.630144023135024,0.659595517589087,0.0,0.0011986073324327924,1.0,0.19946348052738722
L1 halo (Az~30k km),10.0,2m,Tri-3,0.0,0,nan,nan,nan,0.03439812788949982,0.07796655314777116,0.0,0.0011986073324327924,1.0,0.17052567493008125
L1 halo (Az~30k km),10.0,2m,Tri-3+S,0.0,0,nan,nan,nan,0.023173075093700653,0.05017027834325831,0.0,0.0011986073324327924,1.0,0.167462567302753
L2 Lyapunov (mid),2.0,0.36m,India-1,0.0,0,nan,nan,nan,0.630144023135024,0.6612887882650634,0.021917391221628203,0.0008751736078080706,0.17707045147542855,1.0
L2 Lyapunov (mid),2.0,0.36m,Tri-3,0.0,0,nan,nan,nan,0.03439812788949982,0.07762409390993322,0.01383154810601016,0.0008751736078080706,0.16879435322767833,1.0
L2 Lyapunov (mid),2.0,0.36m,Tri-3+S,0.0,0,nan,nan,nan,0.023173075093700653,0.04980879359220715,0.013393961302106124,0.0008751736078080706,0.16822358783128175,1.0
L2 Lyapunov (mid),2.0,1m,India-1,0.09335819333726528,180,0.8506944444444444,1.973611111111111,14.597222222222221,0.630144023135024,0.6612887882650634,0.021917391221628203,0.0008751736078080706,0.17707045147542855,0.47986149426380775
L2 Lyapunov (mid),2.0,1m,Tri-3,0.28311866212591086,463,0.16666666666666666,0.3458333333333334,13.576388888888888,0.03439812788949982,0.07762409390993322,0.01383154810601016,0.0008751736078080706,0.16879435322767833,0.3945320675025209
L2 Lyapunov (mid),2.0,1m,Tri-3+S,0.3273910313730713,427,0.1388888888888889,0.36666666666666714,13.48611111111111,0.023173075093700653,0.04980879359220715,0.013393961302106124,0.0008751736078080706,0.16822358783128175,0.3892620003424592
L2 Lyapunov (mid),2.0,2m,India-1,0.09986491885618615,212,0.8819444444444444,1.972222222222222,12.5625,0.630144023135024,0.6612887882650634,0.021917391221628203,0.0008751736078080706,0.17707045147542855,0.24029223188295504
L2 Lyapunov (mid),2.0,2m,Tri-3,0.3059112269553471,572,0.19444444444444442,0.3680555555555555,10.604166666666666,0.03439812788949982,0.07762409390993322,0.01383154810601016,0.0008751736078080706,0.16879435322767833,0.20720686440516733
L2 Lyapunov (mid),2.0,2m,Tri-3+S,0.35680447480070776,569,0.1597222222222222,0.3819444444444444,9.833333333333332,0.023173075093700653,0.04980879359220715,0.013393961302106124,0.0008751736078080706,0.16822358783128175,0.2036681189475086
L2 Lyapunov (mid),5.0,0.36m,India-1,0.0,0,nan,nan,nan,0.630144023135024,0.6612887882650634,0.021917391221628203,0.0008751736078080706,0.4944540628983467,1.0
L2 Lyapunov (mid),5.0,0.36m,Tri-3,0.0,0,nan,nan,nan,0.03439812788949982,0.07762409390993322,0.01383154810601016,0.0008751736078080706,0.4818972241776222,1.0
L2 Lyapunov (mid),5.0,0.36m,Tri-3+S,0.0,0,nan,nan,nan,0.023173075093700653,0.04980879359220715,0.013393961302106124,0.0008751736078080706,0.4808127699244687,1.0
L2 Lyapunov (mid),5.0,1m,India-1,0.05812294286638382,114,0.8958333333333333,4.9631944444444445,15.645833333333332,0.630144023135024,0.6612887882650634,0.021917391221628203,0.0008751736078080706,0.4944540628983467,0.47986149426380775
L2 Lyapunov (mid),5.0,1m,Tri-3,0.17754608930575902,303,0.1736111111111111,3.276388888888889,14.576388888888888,0.03439812788949982,0.07762409390993322,0.01383154810601016,0.0008751736078080706,0.4818972241776222,0.3945320675025209
L2 Lyapunov (mid),5.0,1m,Tri-3+S,0.20558969578204372,286,0.14930555555555552,3.2743055555555554,14.48611111111111,0.023173075093700653,0.04980879359220715,0.013393961302106124,0.0008751736078080706,0.4808127699244687,0.3892620003424592
L2 Lyapunov (mid),5.0,2m,India-1,0.06194707102224083,132,0.9097222222222222,4.949999999999999,13.638888888888888,0.630144023135024,0.6612887882650634,0.021917391221628203,0.0008751736078080706,0.4944540628983467,0.24029223188295504
L2 Lyapunov (mid),5.0,2m,Tri-3,0.19073076996251975,363,0.20138888888888887,3.2430555555555554,12.576388888888888,0.03439812788949982,0.07762409390993322,0.01383154810601016,0.0008751736078080706,0.4818972241776222,0.20720686440516733
L2 Lyapunov (mid),5.0,2m,Tri-3+S,0.22229409638324993,363,0.1597222222222222,3.2541666666666664,12.48611111111111,0.023173075093700653,0.04980879359220715,0.013393961302106124,0.0008751736078080706,0.4808127699244687,0.2036681189475086
L2 Lyapunov (mid),10.0,0.36m,India-1,0.0,0,nan,nan,nan,0.630144023135024,0.6612887882650634,0.021917391221628203,0.0008751736078080706,1.0,1.0
L2 Lyapunov (mid),10.0,0.36m,Tri-3,0.0,0,nan,nan,nan,0.03439812788949982,0.07762409390993322,0.01383154810601016,0.0008751736078080706,1.0,1.0
L2 Lyapunov (mid),10.0,0.36m,Tri-3+S,0.0,0,nan,nan,nan,0.023173075093700653,0.04980879359220715,0.013393961302106124,0.0008751736078080706,1.0,1.0
L2 Lyapunov (mid),10.0,1m,India-1,0.0,0,nan,nan,nan,0.630144023135024,0.6612887882650634,0.021917391221628203,0.0008751736078080706,1.0,0.47986149426380775
L2 Lyapunov (mid),10.0,1m,Tri-3,0.0,0,nan,nan,nan,0.03439812788949982,0.07762409390993322,0.01383154810601016,0.0008751736078080706,1.0,0.3945320675025209
L2 Lyapunov (mid),10.0,1m,Tri-3+S,0.0,0,nan,nan,nan,0.023173075093700653,0.04980879359220715,0.013393961302106124,0.0008751736078080706,1.0,0.3892620003424592
L2 Lyapunov (mid),10.0,2m,India-1,0.0,0,nan,nan,nan,0.630144023135024,0.6612887882650634,0.021917391221628203,0.0008751736078080706,1.0,0.24029223188295504
L2 Lyapunov (mid),10.0,2m,Tri-3,0.0,0,nan,nan,nan,0.03439812788949982,0.07762409390993322,0.01383154810601016,0.0008751736078080706,1.0,0.20720686440516733
L2 Lyapunov (mid),10.0,2m,Tri-3+S,0.0,0,nan,nan,nan,0.023173075093700653,0.04980879359220715,0.013393961302106124,0.0008751736078080706,1.0,0.2036681189475086
DRO (~70k km),2.0,0.36m,India-1,0.0,0,nan,nan,nan,0.630144023135024,0.6593672114305283,0.006411597952854778,0.0009703011738741653,0.08894427427179848,0.9538821559711573
DRO (~70k km),2.0,0.36m,Tri-3,0.0,0,nan,nan,nan,0.03439812788949982,0.06847282205437491,0.003976332261562756,0.0009703011738741653,0.0834459009531782,0.9056334544624342
DRO (~70k km),2.0,0.36m,Tri-3+S,0.0,0,nan,nan,nan,0.023173075093700653,0.04459580297178516,0.0037480261030041285,0.0009703011738741653,0.08310344171534027,0.9046441277753468
DRO (~70k km),2.0,1m,India-1,0.10897813968531801,205,0.8402777777777777,1.7263888888888888,13.604166666666666,0.630144023135024,0.6593672114305283,0.006411597952854778,0.0009703011738741653,0.08894427427179848,0.41020909039021325
DRO (~70k km),2.0,1m,Tri-3,0.3312341850421415,536,0.16666666666666666,0.3506944444444444,11.944444444444445,0.03439812788949982,0.06847282205437491,0.003976332261562756,0.0009703011738741653,0.0834459009531782,0.35166758623313865
DRO (~70k km),2.0,1m,Tri-3+S,0.3799965754076216,506,0.13194444444444445,0.38541666666666663,11.819444444444445,0.023173075093700653,0.04459580297178516,0.0037480261030041285,0.0009703011738741653,0.08310344171534027,0.34377199824965277
DRO (~70k km),2.0,2m,India-1,0.11301154848652042,228,0.8541666666666666,1.7354166666666668,12.694444444444443,0.630144023135024,0.6593672114305283,0.006411597952854778,0.0009703011738741653,0.08894427427179848,0.22132379520937578
DRO (~70k km),2.0,2m,Tri-3,0.34556039649169534,621,0.1875,0.375,10.618055555555555,0.03439812788949982,0.06847282205437491,0.003976332261562756,0.0009703011738741653,0.0834459009531782,0.18625977435741328
DRO (~70k km),2.0,2m,Tri-3+S,0.3988698845151348,617,0.1597222222222222,0.4611111111111109,9.465277777777777,0.023173075093700653,0.04459580297178516,0.0037480261030041285,0.0009703011738741653,0.08310344171534027,0.1825307737676224
DRO (~70k km),5.0,0.36m,India-1,0.0,0,nan,nan,nan,0.630144023135024,0.6593672114305283,0.006411597952854778,0.0009703011738741653,0.22760221456973803,0.9538821559711573
DRO (~70k km),5.0,0.36m,Tri-3,0.0,0,nan,nan,nan,0.03439812788949982,0.06847282205437491,0.003976332261562756,0.0009703011738741653,0.22151405034150795,0.9056334544624342
DRO (~70k km),5.0,0.36m,Tri-3+S,0.0,0,nan,nan,nan,0.023173075093700653,0.04459580297178516,0.0037480261030041285,0.0009703011738741653,0.22111451456403036,0.9046441277753468
DRO (~70k km),5.0,1m,India-1,0.09411921386579403,175,0.861111111111111,2.7722222222222217,13.638888888888888,0.630144023135024,0.6593672114305283,0.006411597952854778,0.0009703011738741653,0.22760221456973803,0.41020909039021325
DRO (~70k km),5.0,1m,Tri-3,0.28376552957516027,459,0.16666666666666666,0.42916666666666436,12.04861111111111,0.03439812788949982,0.06847282205437491,0.003976332261562756,0.0009703011738741653,0.22151405034150795,0.35166758623313865
DRO (~70k km),5.0,1m,Tri-3+S,0.3248606381157132,433,0.1388888888888889,1.1375000000000035,11.930555555555555,0.023173075093700653,0.04459580297178516,0.0037480261030041285,0.0009703011738741653,0.22111451456403036,0.34377199824965277
DRO (~70k km),5.0,2m,India-1,0.09739160213846769,194,0.8819444444444444,2.796527777777778,12.694444444444443,0.630144023135024,0.6593672114305283,0.006411597952854778,0.0009703011738741653,0.22760221456973803,0.22132379520937578
DRO (~70k km),5.0,2m,Tri-3,0.29506668442381234,530,0.1875,0.5652777777777784,11.29861111111111,0.03439812788949982,0.06847282205437491,0.003976332261562756,0.0009703011738741653,0.22151405034150795,0.18625977435741328
DRO (~70k km),5.0,2m,Tri-3+S,0.33952930880310495,523,0.1597222222222222,0.8819444444444455,10.48611111111111,0.023173075093700653,0.04459580297178516,0.0037480261030041285,0.0009703011738741653,0.22111451456403036,0.1825307737676224
DRO (~70k km),10.0,0.36m,India-1,0.0,0,nan,nan,nan,0.630144023135024,0.6593672114305283,0.006411597952854778,0.0009703011738741653,0.5028443142253762,0.9538821559711573
DRO (~70k km),10.0,0.36m,Tri-3,0.0,0,nan,nan,nan,0.03439812788949982,0.06847282205437491,0.003976332261562756,0.0009703011738741653,0.49327448107912714,0.9056334544624342
DRO (~70k km),10.0,0.36m,Tri-3+S,0.0,0,nan,nan,nan,0.023173075093700653,0.04459580297178516,0.0037480261030041285,0.0009703011738741653,0.4925515115770248,0.9046441277753468
DRO (~70k km),10.0,1m,India-1,0.06036795342554365,119,0.8819444444444444,4.970833333333333,17.61111111111111,0.630144023135024,0.6593672114305283,0.006411597952854778,0.0009703011738741653,0.5028443142253762,0.41020909039021325
DRO (~70k km),10.0,1m,Tri-3,0.18456650368143682,308,0.1736111111111111,2.9083333333333337,16.45138888888889,0.03439812788949982,0.06847282205437491,0.003976332261562756,0.0009703011738741653,0.49327448107912714,0.35166758623313865
DRO (~70k km),10.0,1m,Tri-3+S,0.21207739578775137,292,0.1388888888888889,2.891666666666668,16.45138888888889,0.023173075093700653,0.04459580297178516,0.0037480261030041285,0.0009703011738741653,0.4925515115770248,0.34377199824965277
DRO (~70k km),10.0,2m,India-1,0.06228953026007877,133,0.9097222222222222,4.9875,13.694444444444443,0.630144023135024,0.6593672114305283,0.006411597952854778,0.0009703011738741653,0.5028443142253762,0.22132379520937578
DRO (~70k km),10.0,2m,Tri-3,0.19076882098894618,355,0.19444444444444442,2.820833333333335,13.006944444444443,0.03439812788949982,0.06847282205437491,0.003976332261562756,0.0009703011738741653,0.49327448107912714,0.18625977435741328
DRO (~70k km),10.0,2m,Tri-3+S,0.21995395825802402,349,0.16666666666666666,2.815277777777777,11.458333333333332,0.023173075093700653,0.04459580297178516,0.0037480261030041285,0.0009703011738741653,0.4925515115770248,0.1825307737676224
